{
    "version": "2.1",
    "length": 400,
    "max_speed": 80,
    "startup_time": 10,
    "startup_acceleration": 0.05,
    "comfort_acceleration": 0.25,
    "inertia_coefficient": 1.05,
    "features": [
        "TVM300",
        "TVM430",
        "ETCS1",
        "ETCS2",
        "KVB"
    ],
    "power_class": 5,
    "name": "fast_rolling_stock",
    "mass": 900000,
    "loading_gauge": "G1",
    "timetable_gamma": 0.5,
    "max_braking_force": 0,
    "effort_curve": {
        "speeds": [
            0.0,
            5.0,
            10.0,
            15.0,
            20.0,
            22.0,
            27.0,
            32.0,
            37.0,
            42.0,
            47.0,
            52.0,
            57.0,
            62.0,
            67.0,
            72.0,
            77.0
        ],
        "max_efforts": [
            441666.6666666667,
            439473.6842105263,
            435714.28571428574,
            427777.77777777775,
            400000.0,
            350971.5388299929,
            347206.93642395496,
            346938.7385068534,
            344395.0325320009,
            334314.2138640166,
            313589.8108101956,
            283584.5657113532,
            250604.14937613969,
            222698.71360301683,
            204685.35097358702,
            195984.55717992093,
            192916.7642524637
        ]
    },
    "rolling_resistance": {
        "type": "davis",
        "A": 5400.0,
        "B": 200.0,
        "C": 12.0
    }
}